<?xml version="1.0" encoding="UTF-8" standalone="yes"?>
<addon id="repository.Madhousexxx" name="Madhouse xxx" version="1.0.9" provider-name="stitches">
	<extension point="xbmc.addon.repository" name="Madhouse  XXX REPO">
		<dir>
			<info compressed="false">https://raw.githubusercontent.com/stitches5150/xxxbones/master/zips/addons.xml</info>
			<checksum>https://raw.githubusercontent.com/stitches5150/xxxbones/master/zips/addons.xml.md5</checksum>
			<datadir zip="true">https://raw.githubusercontent.com/stitches5150/xxxbones/master/zips/</datadir>
		</dir>
		<dir>
			<info compressed="false">https://raw.githubusercontent.com/tvaddonsco/tva-resolvers-repo/master/addons.xml</info>
			<checksum>https://raw.githubusercontent.com/tvaddonsco/tva-resolvers-repo/master/addons.xml.md5</checksum>
			<datadir zip="true">https://raw.githubusercontent.com/tvaddonsco/tva-resolvers-repo/master/zips/</datadir>
		</dir>
		<dir>
            <info compressed="false">https://raw.githubusercontent.com/teamuniversal/scrapers/master/_modules4all/zips/addons.xml</info>
            <checksum>https://raw.githubusercontent.com/teamuniversal/scrapers/master/_modules4all/zips/addons.xml.md5</checksum>
            <datadir zip="true">https://raw.githubusercontent.com/teamuniversal/scrapers/master/_modules4all/zips/</datadir>
        </dir>
	</extension>
	<extension point="xbmc.addon.metadata">
		<summary lang="en"></summary>
		<description lang="en">Madhouse Repo</description>
		<genre></genre>
    <assets>
        <icon>icon.gif</icon>
        <fanart>fanart.jpg</fanart>
        <banner></banner>
        <clearlogo></clearlogo>
        <screenshot></screenshot>
    </assets>
	</extension>
</addon>